thesis_id,school,department,degree,year_conferred,author_name_standardized,author_name_raw,title,advisor,official_record_url,official_pdf_url,pdf_public_status,source,retrieved_date,notes
MIT-2020-001,Massachusetts Institute of Technology,Electrical Engineering and Computer Science,Ph.D. in Computer Science and Engineering,2020,"Zheng, Xijia","Zheng, Xijia,Ph. D.Massachusetts Institute of Technology.",Cognitive optical network architecture in dynamic environments,"Chan, Vincent W.S.",https://hdl.handle.net/1721.1/126997,https://dspace.mit.edu/server/api/core/bitstreams/391cff7e-710e-45b5-9dec-78af25cfe869/content,public,"DSpace@MIT (Doctoral Theses collection, REST API)",2026-08-06,
MIT-2020-002,Massachusetts Institute of Technology,Electrical Engineering and Computer Science,Ph.D.,2020,"Walsh, Michael P","Walsh, Michael P.,Ph. D.Massachusetts Institute of Technology.",Statistical metrology and process control of quantum devices,"Englund, Dirk R.",https://hdl.handle.net/1721.1/126998,https://dspace.mit.edu/server/api/core/bitstreams/83254bff-5377-4e3a-ae84-5d0c67c49f50/content,public,"DSpace@MIT (Doctoral Theses collection, REST API)",2026-08-06,
MIT-2020-003,Massachusetts Institute of Technology,Electrical Engineering and Computer Science,Ph.D.,2020,"Stein, Gregory Joseph","Stein, Gregory Joseph.",Representations for intelligent navigation in unfamiliar environments,"Roy, Nicholas",https://hdl.handle.net/1721.1/127002,https://dspace.mit.edu/server/api/core/bitstreams/2e7d8276-d958-4b57-96e9-662fc3cf4461/content,public,"DSpace@MIT (Doctoral Theses collection, REST API)",2026-08-06,
MIT-2020-004,Massachusetts Institute of Technology,Electrical Engineering and Computer Science,Ph.D.,2020,"Toomey, Emily","Toomey, Emily.",Superconducting nanowire electronics for alternative computing,"Berggren, Karl K.",https://hdl.handle.net/1721.1/127003,https://dspace.mit.edu/server/api/core/bitstreams/3b92a227-d089-40f5-8bc1-c1f1798e5b5b/content,public,"DSpace@MIT (Doctoral Theses collection, REST API)",2026-08-06,
MIT-2020-005,Massachusetts Institute of Technology,Electrical Engineering and Computer Science,Ph.D.,2020,"Staib, Matthew James","Staib, Matthew James.",Learning and optimization in the face of data perturbations,"Jegelka, Stefanie",https://hdl.handle.net/1721.1/127004,https://dspace.mit.edu/server/api/core/bitstreams/f05ce200-7d30-4cad-996a-7623404468b4/content,public,"DSpace@MIT (Doctoral Theses collection, REST API)",2026-08-06,
MIT-2020-006,Massachusetts Institute of Technology,Electrical Engineering and Computer Science,Ph.D.,2020,"Sarkar, Tuhin","Sarkar, Tuhin.",Learning structure from unstructured data,"Dahleh, Munther A.",https://hdl.handle.net/1721.1/127005,https://dspace.mit.edu/server/api/core/bitstreams/a5410ca7-3484-4166-bcbe-6ec098f38daa/content,public,"DSpace@MIT (Doctoral Theses collection, REST API)",2026-08-06,
MIT-2020-007,Massachusetts Institute of Technology,Electrical Engineering and Computer Science,Ph.D.,2020,"Raghuraman, Srinivasan","Raghuraman, Srinivasan.",Infrastructures for secure multiparty computation,"Goldwasser, Shafrira",https://hdl.handle.net/1721.1/127006,https://dspace.mit.edu/server/api/core/bitstreams/b039f325-a7dc-4a39-8ec3-19dd0d7a1c5b/content,public,"DSpace@MIT (Doctoral Theses collection, REST API)",2026-08-06,
MIT-2020-008,Massachusetts Institute of Technology,Electrical Engineering and Computer Science,Ph.D.,2020,"Ramnarayan, Govind","Ramnarayan, Govind.",Distributed computation and inference,"Mossel, Elchanan",https://hdl.handle.net/1721.1/127007,https://dspace.mit.edu/server/api/core/bitstreams/1ac912b3-f1e7-4bf3-bd48-324331277413/content,public,"DSpace@MIT (Doctoral Theses collection, REST API)",2026-08-06,
MIT-2020-009,Massachusetts Institute of Technology,Electrical Engineering and Computer Science,Ph.D.,2020,"Qiu, David","Qiu, David.",Representation and transfer learning using information-theoretic approximations,"Zheng, Lizhong",https://hdl.handle.net/1721.1/127008,https://dspace.mit.edu/server/api/core/bitstreams/b198591f-0e70-49e5-a8a9-ad5bdd1b88be/content,public,"DSpace@MIT (Doctoral Theses collection, REST API)",2026-08-06,
MIT-2020-010,Massachusetts Institute of Technology,Electrical Engineering and Computer Science,Ph.D.,2020,"Ajjanagadde, Ganesh","Ajjanagadde, Ganesh.","Fourier analysis on the hypercube, the coefficient problem, and applications","Wornell, Gregory; Cohn, Henry",https://hdl.handle.net/1721.1/127011,https://dspace.mit.edu/server/api/core/bitstreams/588a29aa-bfb9-4501-91e7-8e6572a11301/content,public,"DSpace@MIT (Doctoral Theses collection, REST API)",2026-08-06,
MIT-2020-011,Massachusetts Institute of Technology,Electrical Engineering and Computer Science,Ph.D.,2020,"Apichitsopa, Nicha","Apichitsopa, Nicha.",Large-area cell-tracking cytometry for biophysical measurements of single cells,"Voldman, Joel",https://hdl.handle.net/1721.1/127012,https://dspace.mit.edu/server/api/core/bitstreams/668dcb10-3eeb-40c3-833d-481d5d1896c5/content,public,"DSpace@MIT (Doctoral Theses collection, REST API)",2026-08-06,
MIT-2020-012,Massachusetts Institute of Technology,Electrical Engineering and Computer Science,Ph.D.,2020,"Deng, Mo","Deng, Mo,Ph. D.Massachusetts Institute of Technology.",Deep learning with physical and power-spectral priors for robust image inversion,"Barbastathis, George",https://hdl.handle.net/1721.1/127013,https://dspace.mit.edu/server/api/core/bitstreams/30298951-5cc4-4288-afbc-cfb4d1fa8a99/content,public,"DSpace@MIT (Doctoral Theses collection, REST API)",2026-08-06,
MIT-2020-013,Massachusetts Institute of Technology,Electrical Engineering and Computer Science,Ph.D.,2020,"Claici, Sebastian","Claici, Sebastian.",Structure as simplification : transportation tools for understanding data,"Solomon, Justin",https://hdl.handle.net/1721.1/127014,https://dspace.mit.edu/server/api/core/bitstreams/0e7fa176-3776-4ff5-b1c5-77f3dfdfceba/content,public,"DSpace@MIT (Doctoral Theses collection, REST API)",2026-08-06,
MIT-2020-014,Massachusetts Institute of Technology,Electrical Engineering and Computer Science,Ph.D.,2020,"Dove, Justin","Dove, Justin(Justin Michael)",Theory of phasor-field imaging,"Shapiro, Jeffrey H.",https://hdl.handle.net/1721.1/127015,https://dspace.mit.edu/server/api/core/bitstreams/c60813fb-2bf2-4e8d-8d08-38ebe79867d2/content,public,"DSpace@MIT (Doctoral Theses collection, REST API)",2026-08-06,
MIT-2020-015,Massachusetts Institute of Technology,Electrical Engineering and Computer Science,Ph.D.,2020,"Dikkala, Sai Nishanth","Dikkala, Sai Nishanth.",Statistical inference from dependent data : networks and Markov chains,"Daskalakis, Constantinos",https://hdl.handle.net/1721.1/127016,https://dspace.mit.edu/server/api/core/bitstreams/a62a4fec-fc02-4abc-929a-bb1b379b94f2/content,public,"DSpace@MIT (Doctoral Theses collection, REST API)",2026-08-06,
MIT-2020-016,Massachusetts Institute of Technology,Electrical Engineering and Computer Science,Ph.D.,2020,"Foy, Christopher","Foy, Christopher,Ph. D.(Christopher C.)Massachusetts Institute of Technology.",Solid-state spin-integrated circuits for quantum sensing and control,"Englund, Dirk R.",https://hdl.handle.net/1721.1/127017,https://dspace.mit.edu/server/api/core/bitstreams/07b34e93-93a8-4a49-b701-8cf0654e94f3/content,public,"DSpace@MIT (Doctoral Theses collection, REST API)",2026-08-06,
MIT-2020-017,Massachusetts Institute of Technology,Electrical Engineering and Computer Science,Ph.D.,2020,"Jeong, Taehoon","Jeong, Taehoon.",Secure analog-to-digital conversion against power side-channel attack,"Chandrakasan, Anantha P.; Lee, Hae-Seung",https://hdl.handle.net/1721.1/127018,https://dspace.mit.edu/server/api/core/bitstreams/c2bc6f61-4cbc-4f66-b3ec-08950019a81e/content,public,"DSpace@MIT (Doctoral Theses collection, REST API)",2026-08-06,
MIT-2020-018,Massachusetts Institute of Technology,Electrical Engineering and Computer Science,Ph.D.,2020,"Garcha, Preetinder","Garcha, Preetinder(Preetinder Kaur)",Low power circuits with integrated magnetics for sensors and energy harvesting systems,"Chandrakasan, Anantha P.",https://hdl.handle.net/1721.1/127019,https://dspace.mit.edu/server/api/core/bitstreams/13c02101-aff5-4b0b-a0c3-bcbd15d75dc9/content,public,"DSpace@MIT (Doctoral Theses collection, REST API)",2026-08-06,
MIT-2020-019,Massachusetts Institute of Technology,Electrical Engineering and Computer Science,Ph.D.,2020,"Hsu, Chen-Yu","Hsu, Chen-Yu,Ph. D.Massachusetts Institute of Technology.",Passive sensing of user behavior and Well-being at home,"Katabi, Dina",https://hdl.handle.net/1721.1/127020,https://dspace.mit.edu/server/api/core/bitstreams/cc6731e6-5fa2-43ee-a3e3-58e2ff7d86f7/content,public,"DSpace@MIT (Doctoral Theses collection, REST API)",2026-08-06,
MIT-2020-020,Massachusetts Institute of Technology,Electrical Engineering and Computer Science,Ph.D.,2020,"Hsu, Wei-Ning","Hsu, Wei-Ning,Ph. D.Massachusetts Institute of Technology.",Speech processing with less supervision : learning from weak labels and multiple modalities,"Glass, James R.",https://hdl.handle.net/1721.1/127021,https://dspace.mit.edu/server/api/core/bitstreams/92445438-b823-4aa3-90a5-9870004098ac/content,public,"DSpace@MIT (Doctoral Theses collection, REST API)",2026-08-06,
MIT-2020-021,Massachusetts Institute of Technology,Electrical Engineering and Computer Science,Ph.D.,2020,"Lee, Hyo-Dong","Lee, Hyo-Dong.",Topographic deep artificial neural network as a model of primate ventral visual stream,"DiCarlo, James J.",https://hdl.handle.net/1721.1/127022,https://dspace.mit.edu/server/api/core/bitstreams/f0d36948-1aa1-4dec-aa25-7139b774e242/content,public,"DSpace@MIT (Doctoral Theses collection, REST API)",2026-08-06,
MIT-2020-022,Massachusetts Institute of Technology,Electrical Engineering and Computer Science,Ph.D.,2020,"Mahony, Thomas Stephen","Mahony, Thomas Stephen.",A hybrid approach towards on-chip visible lasers,"Bulović, Vladimir",https://hdl.handle.net/1721.1/127023,https://dspace.mit.edu/server/api/core/bitstreams/3faf32dc-f03d-474d-8b55-7102546be983/content,public,"DSpace@MIT (Doctoral Theses collection, REST API)",2026-08-06,
MIT-2020-023,Massachusetts Institute of Technology,Electrical Engineering and Computer Science,Ph.D.,2020,"LaVigne, Rio","LaVigne, Rio(Kristen Rio)","Relationships between functionality, security, and privacy for multiparty computation, hashing, and encryption","Vaikuntanathan, Vinod; Williams, Virginia Vassilevska",https://hdl.handle.net/1721.1/127024,https://dspace.mit.edu/server/api/core/bitstreams/4b8cf102-297e-4981-a03f-ba19876ef8df/content,public,"DSpace@MIT (Doctoral Theses collection, REST API)",2026-08-06,
MIT-2020-024,Massachusetts Institute of Technology,Electrical Engineering and Computer Science,Ph.D.,2020,"Jevtić, Ana","Jevtić, Ana,Ph. D.Massachusetts Institute of Technology.",Cyber-attack detection and resilient state estimation in power systems,"Ilić, Marija",https://hdl.handle.net/1721.1/127025,https://dspace.mit.edu/server/api/core/bitstreams/d24f083d-a3db-4e34-9ee5-7196ab56cd64/content,public,"DSpace@MIT (Doctoral Theses collection, REST API)",2026-08-06,
MIT-2020-025,Massachusetts Institute of Technology,Electrical Engineering and Computer Science,Ph.D.,2020,"Hu, Zhi","Hu, Zhi,Ph. D.Massachusetts Institute of Technology.",Large-scale high-density terahertz radiator and receiver Arrays on silicon chips,"Han, Ruonan",https://hdl.handle.net/1721.1/127026,https://dspace.mit.edu/server/api/core/bitstreams/cf76c74f-0de9-423b-8f03-d6ec9aed4f19/content,public,"DSpace@MIT (Doctoral Theses collection, REST API)",2026-08-06,
MIT-2020-026,Massachusetts Institute of Technology,Electrical Engineering and Computer Science,Ph.D.,2020,"Notaros, Jelena","Notaros, Jelena.","Integrated optical phased arrays : augmented reality, LiDAR, and beyond","Watts, Michael R.",https://hdl.handle.net/1721.1/127027,https://dspace.mit.edu/server/api/core/bitstreams/bffbf35a-c26c-4d8e-9140-3768ca064489/content,public,"DSpace@MIT (Doctoral Theses collection, REST API)",2026-08-06,
MIT-2020-027,Massachusetts Institute of Technology,Electrical Engineering and Computer Science,Ph.D.,2020,"Noraky, James","Noraky, James.",Algorithms and systems for low power time-of-flight imaging,"Sze, Vivienne",https://hdl.handle.net/1721.1/127029,https://dspace.mit.edu/server/api/core/bitstreams/b1bd27a7-3c9b-4cc8-94ad-aaef783b5aa0/content,public,"DSpace@MIT (Doctoral Theses collection, REST API)",2026-08-06,
MIT-2020-028,Massachusetts Institute of Technology,Electrical Engineering and Computer Science,Ph.D.,2020,"O'Rourke, Colm J","O'Rourke, Colm J.",Decentralized power systems : reference-frame theory and stability region generation,"Kirtley, James L.",https://hdl.handle.net/1721.1/127082,https://dspace.mit.edu/server/api/core/bitstreams/12af8531-d789-49b9-af6b-4c4466db635d/content,public,"DSpace@MIT (Doctoral Theses collection, REST API)",2026-08-06,
MIT-2020-029,Massachusetts Institute of Technology,Electrical Engineering and Computer Science,Ph.D.,2020,"Kamath, Pritish","Kamath, Pritish.",Some hardness escalation results in computational complexity theory,"Rubinfeld, Ronitt; Sudan, Madhu",https://hdl.handle.net/1721.1/128290,https://dspace.mit.edu/server/api/core/bitstreams/f9609e76-ab79-48c3-adaf-626a9dcd413c/content,public,"DSpace@MIT (Doctoral Theses collection, REST API)",2026-08-06,
MIT-2020-030,Massachusetts Institute of Technology,Electrical Engineering and Computer Science,Ph.D.,2020,"Koolen, Frans Anton","Koolen, Frans Anton.",Balance control and locomotion planning for humanoid robots using nonlinear centroidal models,"Tedrake, Russ",https://hdl.handle.net/1721.1/128291,https://dspace.mit.edu/server/api/core/bitstreams/16775bc3-1825-4e0a-bde3-2b0838d61b8e/content,public,"DSpace@MIT (Doctoral Theses collection, REST API)",2026-08-06,
MIT-2020-031,Massachusetts Institute of Technology,Electrical Engineering and Computer Science,Ph.D.,2020,"Metsky, Hayden C","Metsky, Hayden C.",Design methods for sensitive and comprehensive microbial surveillance,"Sabeti, Pardis C.",https://hdl.handle.net/1721.1/128293,https://dspace.mit.edu/server/api/core/bitstreams/c86f5ac0-c73b-40a7-a12d-a895d1272770/content,public,"DSpace@MIT (Doctoral Theses collection, REST API)",2026-08-06,
MIT-2020-032,Massachusetts Institute of Technology,Electrical Engineering and Computer Science,Ph.D.,2020,"Perez De Rosso, Santiago","Perez De Rosso, Santiago(Santiago Nicolas)",Declarative assembly of web applications from predefined concepts,"Jackson, Daniel",https://hdl.handle.net/1721.1/128295,https://dspace.mit.edu/server/api/core/bitstreams/c108c743-ab5e-4a5a-ada4-e9ab3872d658/content,public,"DSpace@MIT (Doctoral Theses collection, REST API)",2026-08-06,
MIT-2020-033,Massachusetts Institute of Technology,Electrical Engineering and Computer Science,Ph.D.,2020,"Raval, Manan","Raval, Manan.",Integrated optical phased arrays for three-dimensional display applications,"Watts, Michael R.",https://hdl.handle.net/1721.1/128296,https://dspace.mit.edu/server/api/core/bitstreams/13440e15-0b97-4e76-b2cf-bf4991210cc9/content,public,"DSpace@MIT (Doctoral Theses collection, REST API)",2026-08-06,
MIT-2020-034,Massachusetts Institute of Technology,Electrical Engineering and Computer Science,Ph.D.,2020,"Recasens Continente, Adriá","Recasens Continente, Adriá.",Learning through looking and listening,"Torralba, Antonio",https://hdl.handle.net/1721.1/128297,https://dspace.mit.edu/server/api/core/bitstreams/36b18fba-cca5-4fd1-8498-8887a6fdd44e/content,public,"DSpace@MIT (Doctoral Theses collection, REST API)",2026-08-06,
MIT-2020-035,Massachusetts Institute of Technology,Electrical Engineering and Computer Science,Ph.D.,2020,"Tomescu Nicolescu, Ioan Alin","Tomescu Nicolescu, Ioan Alin.",How to keep a secret and share a public key (using polynomial commitments),"Devadas, Srinivas",https://hdl.handle.net/1721.1/128298,https://dspace.mit.edu/server/api/core/bitstreams/5eddf7bd-e75c-4388-b6c9-06633512d701/content,public,"DSpace@MIT (Doctoral Theses collection, REST API)",2026-08-06,
MIT-2020-036,Massachusetts Institute of Technology,Electrical Engineering and Computer Science,Ph.D.,2020,"Wang, Zi","Wang, Zi,Ph.D.Massachusetts Institute of Technology.",Robot learning with strong priors,"Kaelbling, Leslie Pack; Lozano-Pérez, Tomás",https://hdl.handle.net/1721.1/128299,https://dspace.mit.edu/server/api/core/bitstreams/e4e5f2be-e52a-447f-baf1-2c0a9074f402/content,public,"DSpace@MIT (Doctoral Theses collection, REST API)",2026-08-06,
MIT-2020-037,Massachusetts Institute of Technology,Electrical Engineering and Computer Science,Ph.D.,2020,"Kjølstad, Fredrik Berg","Kjølstad, Fredrik Berg.",Sparse tensor algebra compilation,"Amarasinghe, Saman",https://hdl.handle.net/1721.1/128314,https://dspace.mit.edu/server/api/core/bitstreams/7a46f49b-d234-4020-b634-e2fddb0d8a5c/content,public,"DSpace@MIT (Doctoral Theses collection, REST API)",2026-08-06,
MIT-2020-038,Massachusetts Institute of Technology,Electrical Engineering and Computer Science,Ph.D.,2020,"Lebedev, Ilia Andreevich","Lebedev, Ilia Andreevich.",Trust less : shrinking the trusted parts of trusted systems,"Devadas, Srinivas",https://hdl.handle.net/1721.1/128315,https://dspace.mit.edu/server/api/core/bitstreams/ff012a7a-185f-4db8-bdc1-b25b3e618839/content,public,"DSpace@MIT (Doctoral Theses collection, REST API)",2026-08-06,
MIT-2020-039,Massachusetts Institute of Technology,Electrical Engineering and Computer Science,Ph.D.,2020,"Lazar, David","Lazar, David,Ph.D.Massachusetts Institute of Technology.",Strong and scalable metadata security for voice calls,"Zeldovich, Nickolai",https://hdl.handle.net/1721.1/128316,https://dspace.mit.edu/server/api/core/bitstreams/f1955ced-b344-479a-8272-5f48c471dc8b/content,public,"DSpace@MIT (Doctoral Theses collection, REST API)",2026-08-06,
MIT-2020-040,Massachusetts Institute of Technology,Electrical Engineering and Computer Science,Ph.D.,2020,"Leiserson, William Mitchell","Leiserson, William Mitchell.",Defining scalable high performance programming with DEF,"Shavit, Nir",https://hdl.handle.net/1721.1/128317,https://dspace.mit.edu/server/api/core/bitstreams/fd4e2f88-af22-4251-9e32-600e286fc79c/content,public,"DSpace@MIT (Doctoral Theses collection, REST API)",2026-08-06,
MIT-2020-041,Massachusetts Institute of Technology,Electrical Engineering and Computer Science,Ph.D.,2020,"Ouyang, Wei","Ouyang, Wei,Ph.D.Massachusetts Institute of Technology.",Hierarchical selective electrokinetic concentration : the universal next-generation biomolecule enrichment technique for molecular diagnostics,"Han, Jongyoon",https://hdl.handle.net/1721.1/128323,https://dspace.mit.edu/server/api/core/bitstreams/7c9b64d9-851f-4725-9324-7728c7dddc13/content,public,"DSpace@MIT (Doctoral Theses collection, REST API)",2026-08-06,
MIT-2020-042,Massachusetts Institute of Technology,Electrical Engineering and Computer Science,Ph.D.,2020,"Rezaee, Arman","Rezaee, Arman.",Towards a cognitive network management and control system,"Chan, Vincent W.S.",https://hdl.handle.net/1721.1/128329,https://dspace.mit.edu/server/api/core/bitstreams/e16c81c3-a97f-4455-87aa-ead612456dd5/content,public,"DSpace@MIT (Doctoral Theses collection, REST API)",2026-08-06,
MIT-2020-043,Massachusetts Institute of Technology,Electrical Engineering and Computer Science,Ph.D.,2020,"Wang, Cheng","Wang, Cheng,Ph.D.Massachusetts Institute of Technology.","Terahertz wave-molecule interactions via CMOS chips : from comb gas sensor with absolute specificity to ultra-stable, miniaturized clock","Han, Ruonan",https://hdl.handle.net/1721.1/128330,https://dspace.mit.edu/server/api/core/bitstreams/bbf986b6-c237-479d-b02e-2b0f1069e539/content,public,"DSpace@MIT (Doctoral Theses collection, REST API)",2026-08-06,
MIT-2020-044,Massachusetts Institute of Technology,Electrical Engineering and Computer Science,Ph.D.,2020,"Wu, Jiajun","Wu, Jiajun,Ph.D.Massachusetts Institute of Technology.",Learning to see the physical world,"Freeman, William T.; Tenenbaum, Joshua B.",https://hdl.handle.net/1721.1/128332,https://dspace.mit.edu/server/api/core/bitstreams/374f6ba2-52bb-474c-a3f7-b543b0629fde/content,public,"DSpace@MIT (Doctoral Theses collection, REST API)",2026-08-06,
MIT-2020-045,Massachusetts Institute of Technology,Electrical Engineering and Computer Science,Ph.D.,2020,"Zhao, Amy","Zhao, Amy(Xiaoyu Amy)",Learning distributions of transformations from small datasets for applied image synthesis,"Guttag, John V.; Durand, Frédo; Dalca, Adrian V.",https://hdl.handle.net/1721.1/128342,https://dspace.mit.edu/server/api/core/bitstreams/f1455069-e06f-4275-9063-55d00d9bee36/content,public,"DSpace@MIT (Doctoral Theses collection, REST API)",2026-08-06,
MIT-2020-046,Massachusetts Institute of Technology,Electrical Engineering and Computer Science,Ph.D.,2020,"Florence, Peter R","Florence, Peter R.(Peter Raymond)",Dense visual learning for robot manipulation,"Tedrake, Russ",https://hdl.handle.net/1721.1/128398,https://dspace.mit.edu/server/api/core/bitstreams/7e5b9d72-6e39-43ff-82a0-7ae263c777a9/content,public,"DSpace@MIT (Doctoral Theses collection, REST API)",2026-08-06,
MIT-2020-047,Massachusetts Institute of Technology,Electrical Engineering and Computer Science,Ph.D.,2020,"Hamza, Bashar","Hamza, Bashar,Ph. D.(Bashar M.)Massachusetts Institute of Technology.",An optofluidic platform for longitudinal circulating tumor cell studies in mouse models of cancer,"Manalis, Scott",https://hdl.handle.net/1721.1/128399,https://dspace.mit.edu/server/api/core/bitstreams/efebc6cd-5137-4939-9360-61364b38186a/content,public,"DSpace@MIT (Doctoral Theses collection, REST API)",2026-08-06,
MIT-2020-048,Massachusetts Institute of Technology,Electrical Engineering and Computer Science,Ph.D.,2020,"Bhargava, Nikhil","Bhargava, Nikhil(Nikhil Gaurev)",Multi-agent coordination under limited communication,"Williams, Brian C.",https://hdl.handle.net/1721.1/128409,https://dspace.mit.edu/server/api/core/bitstreams/20f123dc-331d-406d-a729-cb5ab3ad8188/content,public,"DSpace@MIT (Doctoral Theses collection, REST API)",2026-08-06,
MIT-2020-049,Massachusetts Institute of Technology,Electrical Engineering and Computer Science,Ph.D.,2020,"Einzinger, Markus","Einzinger, Markus.",Excitonic spin engineering for solar cells and organic light-emitting diodes,"Baldo, Marc A.",https://hdl.handle.net/1721.1/128410,https://dspace.mit.edu/server/api/core/bitstreams/2bd698c3-d53a-48bd-b5cf-3d0c5f6660a7/content,public,"DSpace@MIT (Doctoral Theses collection, REST API)",2026-08-06,
MIT-2020-050,Massachusetts Institute of Technology,Electrical Engineering and Computer Science,Ph.D.,2020,"Jeffrey, Mark Christopher","Jeffrey, Mark Christopher.",A hardware and software architecture for pervasive parallelism,"Sanchez, Daniel",https://hdl.handle.net/1721.1/128566,https://dspace.mit.edu/server/api/core/bitstreams/5ec9f62b-3e01-4e95-8a88-13e56623294f/content,public,"DSpace@MIT (Doctoral Theses collection, REST API)",2026-08-06,
MIT-2020-051,Massachusetts Institute of Technology,Electrical Engineering and Computer Science,Ph.D.,2020,"Linghu, Changyang","Linghu, Changyang",Spatially organized fluorescent reporters for recording complex biological dynamics in cell population,"Boyden, Edward S.",https://hdl.handle.net/1721.1/128587,https://dspace.mit.edu/server/api/core/bitstreams/adcee9fb-9f07-4845-9e2a-ba7761599180/content,public,"DSpace@MIT (Doctoral Theses collection, REST API)",2026-08-06,
MIT-2020-052,Massachusetts Institute of Technology,Electrical Engineering and Computer Science,Ph.D.,2020,"He, Yiou","He, Yiou.",Towards lightweight high-voltage power conversion,"Perreault, David J.",https://hdl.handle.net/1721.1/128589,https://dspace.mit.edu/server/api/core/bitstreams/c070cc5a-0ff9-401b-84ae-cd70b190a25b/content,public,"DSpace@MIT (Doctoral Theses collection, REST API)",2026-08-06,
MIT-2020-053,Massachusetts Institute of Technology,Electrical Engineering and Computer Science,Ph.D.,2020,"Lynch, Jayson","Lynch, Jayson(Jayson R.)",A framework for proving the computational intractability of motion planning problems,"Demaine, Erik D.",https://hdl.handle.net/1721.1/129205,https://dspace.mit.edu/server/api/core/bitstreams/6ba11f88-d727-4686-86fb-52d04017e295/content,public,"DSpace@MIT (Doctoral Theses collection, REST API)",2026-08-06,
MIT-2020-054,Massachusetts Institute of Technology,Electrical Engineering and Computer Science,Ph.D.,2020,"Agarwal, Akshay","Agarwal, Akshay.",Techniques for enhancing electron microscopy,"Berggren, Karl K.",https://hdl.handle.net/1721.1/129240,https://dspace.mit.edu/server/api/core/bitstreams/e372d30d-17c6-4d2f-ba25-49e978c8ff54/content,public,"DSpace@MIT (Doctoral Theses collection, REST API)",2026-08-06,
MIT-2020-055,Massachusetts Institute of Technology,Electrical Engineering and Computer Science,Ph.D.,2020,"Al Bastami, Anas Ibrahim","Al Bastami, Anas Ibrahim.",Efficient radio frequency power generation and impedance matching,"Perreault, David J.",https://hdl.handle.net/1721.1/129241,https://dspace.mit.edu/server/api/core/bitstreams/6c55e665-02b9-48ab-a4dd-de2542b49ee0/content,public,"DSpace@MIT (Doctoral Theses collection, REST API)",2026-08-06,
MIT-2020-056,Massachusetts Institute of Technology,Electrical Engineering and Computer Science,Ph.D.,2020,"Aliakbarpour, Maryam","Aliakbarpour, Maryam.",Distribution testing : classical and new paradigms,"Rubinfeld, Ronitt",https://hdl.handle.net/1721.1/129242,https://dspace.mit.edu/server/api/core/bitstreams/86b401d5-e042-4fb4-a768-f876ab433235/content,public,"DSpace@MIT (Doctoral Theses collection, REST API)",2026-08-06,
MIT-2020-057,Massachusetts Institute of Technology,Electrical Engineering and Computer Science,Ph.D.,2020,"Bakker, Michiel Anton","Bakker, Michiel Anton.",Improving fairness in budget-constrained algorithmic decision-making,"Pentland, Alex 'Sandy'",https://hdl.handle.net/1721.1/129243,https://dspace.mit.edu/server/api/core/bitstreams/d41c1754-e4c1-4a9c-aedd-9f69e9305dc3/content,public,"DSpace@MIT (Doctoral Theses collection, REST API)",2026-08-06,
MIT-2020-058,Massachusetts Institute of Technology,Electrical Engineering and Computer Science,Ph.D.,2020,"Blalock, Davis W","Blalock, Davis W.(Davis Whitaker)",Building efficient algorithms by learning to compress,"Guttag, John V.",https://hdl.handle.net/1721.1/129244,https://dspace.mit.edu/server/api/core/bitstreams/bdca6b9a-6244-4103-8080-71faa116be1a/content,public,"DSpace@MIT (Doctoral Theses collection, REST API)",2026-08-06,
MIT-2020-059,Massachusetts Institute of Technology,Electrical Engineering and Computer Science,Ph.D.,2020,"Bosboom, Jeffrey","Bosboom, Jeffrey(Jeffrey William)",Exhaustive search and hardness proofs for games,"Demaine, Erik D.",https://hdl.handle.net/1721.1/129245,https://dspace.mit.edu/server/api/core/bitstreams/ac443831-0bde-4555-8b53-6099941a22d2/content,public,"DSpace@MIT (Doctoral Theses collection, REST API)",2026-08-06,
MIT-2020-060,Massachusetts Institute of Technology,Electrical Engineering and Computer Science,Ph.D.,2020,"Cao, Yuan","Cao, Yuan,Ph. D.Massachusetts Institute of Technology.",Study Of electronic correlation and superconductivity in twisted graphene superlattices,"Jarillo-Herrero, Pablo",https://hdl.handle.net/1721.1/129246,https://dspace.mit.edu/server/api/core/bitstreams/0f593a86-f943-4781-9051-89a3e210cf76/content,public,"DSpace@MIT (Doctoral Theses collection, REST API)",2026-08-06,
MIT-2020-061,Massachusetts Institute of Technology,Electrical Engineering and Computer Science,Ph.D.,2020,"Cusumano-Towner, Marco Francis","Cusumano-Towner, Marco Francis.",Gen : a high-level programming platform for probabilistic inference,"Mansinghka, Vikash K.",https://hdl.handle.net/1721.1/129247,https://dspace.mit.edu/server/api/core/bitstreams/9acb1d65-2afa-44c7-92a2-2d38143c00f2/content,public,"DSpace@MIT (Doctoral Theses collection, REST API)",2026-08-06,
MIT-2020-062,Massachusetts Institute of Technology,Electrical Engineering and Computer Science,Ph.D.,2020,"Drexler, Jennifer Fox","Drexler, Jennifer Fox.",Improving end-to-end neural network models for low-resource automatic speech recognition,"Glass, James",https://hdl.handle.net/1721.1/129248,https://dspace.mit.edu/server/api/core/bitstreams/0e23afbd-afe4-46c4-9872-283814ae4e8f/content,public,"DSpace@MIT (Doctoral Theses collection, REST API)",2026-08-06,
MIT-2020-063,Massachusetts Institute of Technology,Electrical Engineering and Computer Science,Ph.D.,2020,"Drexler, Jennifer Fox","Drexler, Jennifer Fox.",Improving end-to-end neural network models for low-resource automatic speech recognition,"Glass, James",https://hdl.handle.net/1721.1/129248,https://dspace.mit.edu/server/api/core/bitstreams/0e23afbd-afe4-46c4-9872-283814ae4e8f/content,public,"DSpace@MIT (Doctoral Theses collection, REST API)",2026-08-06,
MIT-2020-064,Massachusetts Institute of Technology,Electrical Engineering and Computer Science,Ph.D.,2020,"Finley, Joseph T","Finley, Joseph T.(Joseph Tyler)",Spintronics using low magnetization materials,"Liu, Luqiao; Baldo, Marc",https://hdl.handle.net/1721.1/129249,https://dspace.mit.edu/server/api/core/bitstreams/efab117e-0d95-4318-9683-a3ac3ccabfc7/content,public,"DSpace@MIT (Doctoral Theses collection, REST API)",2026-08-06,
MIT-2020-065,Massachusetts Institute of Technology,Electrical Engineering and Computer Science,Ph.D.,2020,"Gilpin, Leilani Hendrina","Gilpin, Leilani Hendrina.",Anomaly detection through explanations,"Sussman, Gerald Jay; Kagal, Lalana",https://hdl.handle.net/1721.1/129250,https://dspace.mit.edu/server/api/core/bitstreams/b5f69484-b24f-4f5b-9448-d91d612eb7ff/content,public,"DSpace@MIT (Doctoral Theses collection, REST API)",2026-08-06,
MIT-2020-066,Massachusetts Institute of Technology,Electrical Engineering and Computer Science,Ph.D.,2020,"Garg, Vikas","Garg, Vikas,Ph. D.(Vikas Kamur)Massachusetts Institute of Technology.",Graph guided predictions,"Jaakkola, Tommi S.",https://hdl.handle.net/1721.1/129251,https://dspace.mit.edu/server/api/core/bitstreams/3526b24f-ba95-48d7-8efd-ba54d45c63d2/content,public,"DSpace@MIT (Doctoral Theses collection, REST API)",2026-08-06,
MIT-2020-067,Massachusetts Institute of Technology,Electrical Engineering and Computer Science,Ph.D.,2020,"Kaler, Tim","Kaler, Tim(Tim F. S.)",Programming technologies for engineering quality multicore software,"Leiserson, Charles E.",https://hdl.handle.net/1721.1/129252,https://dspace.mit.edu/server/api/core/bitstreams/6f115966-8891-4319-bf31-bd67e4a72de5/content,public,"DSpace@MIT (Doctoral Theses collection, REST API)",2026-08-06,
MIT-2020-068,Massachusetts Institute of Technology,Electrical Engineering and Computer Science,Ph.D.,2020,"Jaddivada, Rupamathi","Jaddivada, Rupamathi.",A unified modeling for control of reactive power dynamics in electrical energy systems,"Ilic, Marija D.",https://hdl.handle.net/1721.1/129253,https://dspace.mit.edu/server/api/core/bitstreams/8ebaf811-6e84-4c3c-9b6d-0973a57bffdb/content,public,"DSpace@MIT (Doctoral Theses collection, REST API)",2026-08-06,
MIT-2020-069,Massachusetts Institute of Technology,Electrical Engineering and Computer Science,Ph.D.,2020,"Gopalkrishnan, Rahul","Gopalkrishnan, Rahul.",Advances in deep generative modeling for clinical data,"Sontag, David A.",https://hdl.handle.net/1721.1/129254,https://dspace.mit.edu/server/api/core/bitstreams/db402069-cb58-47b2-9985-fd0d2f2d7d28/content,public,"DSpace@MIT (Doctoral Theses collection, REST API)",2026-08-06,
MIT-2020-070,Massachusetts Institute of Technology,Electrical Engineering and Computer Science,Ph.D.,2020,"Kawaguchi, Kenji","Kawaguchi, Kenji,Ph. D.Massachusetts Institute of Technology.",On optimization and scalability in deep learning,"Kaelbling, Leslie P.",https://hdl.handle.net/1721.1/129255,https://dspace.mit.edu/server/api/core/bitstreams/725135e9-8448-4663-be6a-a3ccbf67ca36/content,public,"DSpace@MIT (Doctoral Theses collection, REST API)",2026-08-06,
MIT-2020-071,Massachusetts Institute of Technology,Electrical Engineering and Computer Science,Ph.D.,2020,"Kim, Beomjoon","Kim, Beomjoon.",Learning to guide task and motion planning,"Kaelbling, Leslie Pack; Lozano-Pérez, Tomás",https://hdl.handle.net/1721.1/129257,https://dspace.mit.edu/server/api/core/bitstreams/60491b41-a8f0-441a-8d30-566c8b9a384c/content,public,"DSpace@MIT (Doctoral Theses collection, REST API)",2026-08-06,
MIT-2020-072,Massachusetts Institute of Technology,Electrical Engineering and Computer Science,Ph.D.,2020,"Lincoln, Andrea","Lincoln, Andrea(Andrea I.)",Applications of fine-grained complexity,"Williams, Virginia Vassilevska",https://hdl.handle.net/1721.1/129258,https://dspace.mit.edu/server/api/core/bitstreams/b6f79c23-59e1-45fa-a313-130599a43f61/content,public,"DSpace@MIT (Doctoral Theses collection, REST API)",2026-08-06,
MIT-2020-073,Massachusetts Institute of Technology,Electrical Engineering and Computer Science,Ph.D.,2020,"Liu, Ge","Liu, Ge,Ph. D.Massachusetts Institute of Technology.",Beyond predictive modeling : new computational aspects for deep learning based biological applications,"Gifford, David",https://hdl.handle.net/1721.1/129259,https://dspace.mit.edu/server/api/core/bitstreams/a6d4a6e6-faf6-46f9-91eb-7a4f5912ebab/content,public,"DSpace@MIT (Doctoral Theses collection, REST API)",2026-08-06,
MIT-2020-074,Massachusetts Institute of Technology,Electrical Engineering and Computer Science,Ph.D.,2020,"Lu, Yi","Lu, Yi,(Ph. D. in Computer Science)Massachusetts Institute of Technology. Department of Electrical Engineering and Computer Science.",Fast transactions in distributed and highly available databases,"Madden, Samuel R.",https://hdl.handle.net/1721.1/129261,https://dspace.mit.edu/server/api/core/bitstreams/7067c471-c73b-4676-b5f3-1156b189117c/content,public,"DSpace@MIT (Doctoral Theses collection, REST API)",2026-08-06,
MIT-2020-075,Massachusetts Institute of Technology,Electrical Engineering and Computer Science,Ph.D.,2020,"Lu, Tsung-Ju Jeff","Lu, Tsung-Ju Jeff.",Wide-bandgap integrated photonics for quantum technologies,"Englund, Dirk R.",https://hdl.handle.net/1721.1/129262,https://dspace.mit.edu/server/api/core/bitstreams/a5a2fcde-03db-433a-b4d1-1be10fe332f8/content,public,"DSpace@MIT (Doctoral Theses collection, REST API)",2026-08-06,
MIT-2020-076,Massachusetts Institute of Technology,Electrical Engineering and Computer Science,Ph.D.,2020,"Lao, Natalie","Lao, Natalie.",Reorienting machine learning education towards tinkerers and ML-engaged citizens,"Abelson, Harold (Hal)",https://hdl.handle.net/1721.1/129264,https://dspace.mit.edu/server/api/core/bitstreams/20619a03-2f24-4140-b0a3-9a328aaf4557/content,public,"DSpace@MIT (Doctoral Theses collection, REST API)",2026-08-06,
MIT-2020-077,Massachusetts Institute of Technology,Electrical Engineering and Computer Science,Ph.D.,2020,"Manuelli, Lucas","Manuelli, Lucas,Ph. D.Massachusetts Institute of Technology.",Robot manipulation with learned representations,"Tedrake, Russ",https://hdl.handle.net/1721.1/129293,https://dspace.mit.edu/server/api/core/bitstreams/0c66fd14-0c57-44b1-83f9-61a0fdc4e5f8/content,public,"DSpace@MIT (Doctoral Theses collection, REST API)",2026-08-06,
MIT-2020-078,Massachusetts Institute of Technology,Electrical Engineering and Computer Science,Ph.D.,2020,"McDaniel, Patrick Christopher","McDaniel, Patrick Christopher.",Computational design and fabrication of portable MRI systems,"Wald, Lawrence L.",https://hdl.handle.net/1721.1/129296,https://dspace.mit.edu/server/api/core/bitstreams/8f8ea773-8f16-4e6c-9e58-3f306ad4d316/content,public,"DSpace@MIT (Doctoral Theses collection, REST API)",2026-08-06,
MIT-2020-079,Massachusetts Institute of Technology,Electrical Engineering and Computer Science,Ph.D.,2020,"Mao, Hongzi","Mao, Hongzi.",Network system optimization with reinforcement learning : methods and applications,"Alizadeh, Mohammad",https://hdl.handle.net/1721.1/129297,https://dspace.mit.edu/server/api/core/bitstreams/27e2ab9a-2689-43f7-b3f3-7815290fec8a/content,public,"DSpace@MIT (Doctoral Theses collection, REST API)",2026-08-06,
MIT-2020-080,Massachusetts Institute of Technology,Electrical Engineering and Computer Science,Ph.D.,2020,"Myers, Paul Daniel","Myers, Paul Daniel.",Developing clinically useful risk stratification models,"Stultz, Collin M.",https://hdl.handle.net/1721.1/129298,https://dspace.mit.edu/server/api/core/bitstreams/2632c249-9a56-4b27-9a49-25f9b6f6cb9a/content,public,"DSpace@MIT (Doctoral Theses collection, REST API)",2026-08-06,
MIT-2020-081,Massachusetts Institute of Technology,Electrical Engineering and Computer Science,Ph.D.,2020,"McKay, Dylan","McKay, Dylan(Dylan Mathis)",Intermediate lower bounds and their relationship with complexity theory,"Williams, R. Ryan",https://hdl.handle.net/1721.1/129299,https://dspace.mit.edu/server/api/core/bitstreams/169df5f4-4f06-49d1-bea3-89a8e4e6baba/content,public,"DSpace@MIT (Doctoral Theses collection, REST API)",2026-08-06,
MIT-2020-082,Massachusetts Institute of Technology,Electrical Engineering and Computer Science,Ph.D.,2020,"Mendis, Thirimadura Charith Yasendra","Mendis, Thirimadura Charith Yasendra.",Towards automated construction of compiler optimizations,"Amarasinghe, Saman",https://hdl.handle.net/1721.1/129300,https://dspace.mit.edu/server/api/core/bitstreams/85f7ec07-31bd-49d7-80d9-e8f6b341e87e/content,public,"DSpace@MIT (Doctoral Theses collection, REST API)",2026-08-06,
MIT-2020-083,Massachusetts Institute of Technology,Electrical Engineering and Computer Science,Ph.D.,2020,"Neuman, Sabrina M","Neuman, Sabrina M.",A design methodology for computer architecture parameterized by robot morphology,"Devadas, Srinivas",https://hdl.handle.net/1721.1/129301,https://dspace.mit.edu/server/api/core/bitstreams/8474e711-53d4-4e1e-a242-c6c6b5361b5c/content,public,"DSpace@MIT (Doctoral Theses collection, REST API)",2026-08-06,
MIT-2020-084,Massachusetts Institute of Technology,Electrical Engineering and Computer Science,Ph.D.,2020,"Pace, Danielle F","Pace, Danielle F.",Image segmentation for highly variable anatomy : applications to congenital heart disease,"Golland, Polina",https://hdl.handle.net/1721.1/129302,https://dspace.mit.edu/server/api/core/bitstreams/e212e8ee-c6ac-4af6-9700-caafb5f84f6d/content,public,"DSpace@MIT (Doctoral Theses collection, REST API)",2026-08-06,
MIT-2020-085,Massachusetts Institute of Technology,Electrical Engineering and Computer Science,Ph.D.,2020,"Prentice, Samuel J","Prentice, Samuel J.(Samuel James)",Sigma shapes : parametric shape estimation for view and interaction planning,"Roy, Nicholas",https://hdl.handle.net/1721.1/129303,https://dspace.mit.edu/server/api/core/bitstreams/4acf1f21-de0b-41ec-9f0a-beb3fc2d3151/content,public,"DSpace@MIT (Doctoral Theses collection, REST API)",2026-08-06,
MIT-2020-086,Massachusetts Institute of Technology,Electrical Engineering and Computer Science,Ph.D.,2020,"Salamatian, Salman","Salamatian, Salman.",Statistical privacy and security,"M̌dard, Muriel",https://hdl.handle.net/1721.1/129304,https://dspace.mit.edu/server/api/core/bitstreams/ad07a5af-c5fe-4386-9866-a89be70fd388/content,public,"DSpace@MIT (Doctoral Theses collection, REST API)",2026-08-06,
MIT-2020-087,Massachusetts Institute of Technology,Electrical Engineering and Computer Science,Ph.D.,2020,"Shanbhag, Anil","Shanbhag, Anil(Anil Atmanand)",Interactive data analytics using GPUs,"Madden, Samuel R.",https://hdl.handle.net/1721.1/129305,https://dspace.mit.edu/server/api/core/bitstreams/4681ad87-99a3-48a5-b6f0-31b87bcdf87b/content,public,"DSpace@MIT (Doctoral Theses collection, REST API)",2026-08-06,
MIT-2020-088,Massachusetts Institute of Technology,Electrical Engineering and Computer Science,Ph.D.,2020,"Shen, Dennis","Shen, Dennis,Ph. D.Massachusetts Institute of Technology.",Causal inference : a Tensor's perspective,"Shah, Devavrat; Abramson, Mark",https://hdl.handle.net/1721.1/129306,https://dspace.mit.edu/server/api/core/bitstreams/363010c4-87a5-4964-bd6d-8c5e66a06f6b/content,public,"DSpace@MIT (Doctoral Theses collection, REST API)",2026-08-06,
MIT-2020-089,Massachusetts Institute of Technology,Electrical Engineering and Computer Science,Ph.D.,2020,"Shen, Pin-Chun","Shen, Pin-Chun.",Ohmic contact to monolayer semiconductors,"Kong, Jing",https://hdl.handle.net/1721.1/129307,https://dspace.mit.edu/server/api/core/bitstreams/b6dbc0e6-66c7-4a06-938b-5dac28521f53/content,public,"DSpace@MIT (Doctoral Theses collection, REST API)",2026-08-06,
MIT-2020-090,Massachusetts Institute of Technology,Electrical Engineering and Computer Science,Ph.D.,2020,"Sherman, Benjamin","Sherman, Benjamin(Benjamin Marc)",Programming languages for sound computation with continuous values,"Carbin, Michael",https://hdl.handle.net/1721.1/129308,https://dspace.mit.edu/server/api/core/bitstreams/e5f0b25c-849e-4861-8c7e-3e6ad8cdbaf2/content,public,"DSpace@MIT (Doctoral Theses collection, REST API)",2026-08-06,
MIT-2020-091,Massachusetts Institute of Technology,Electrical Engineering and Computer Science,Ph.D.,2020,"Shen, Shen","Shen, ShenPh. D.Massachusetts Institute of Technology. Department of Electrical Engineering and Computer Science.",Convex optimization and machine learning for scalable verification and control,"Tedrake, Russ",https://hdl.handle.net/1721.1/129309,https://dspace.mit.edu/server/api/core/bitstreams/7a22e1fa-2be0-488e-84e8-d8d3c81e8144/content,public,"DSpace@MIT (Doctoral Theses collection, REST API)",2026-08-06,
MIT-2020-092,Massachusetts Institute of Technology,Electrical Engineering and Computer Science,Ph.D.,2020,"Sotiraki, Aikaterini","Sotiraki, Aikaterini.",New hardness results for total search problems and non-interactive lattice-based protocols,"Vaikuntanathan, Vinod",https://hdl.handle.net/1721.1/129310,https://dspace.mit.edu/server/api/core/bitstreams/7c51a6cd-114a-428a-981e-f5c0a114f9ad/content,public,"DSpace@MIT (Doctoral Theses collection, REST API)",2026-08-06,
MIT-2020-093,Massachusetts Institute of Technology,Electrical Engineering and Computer Science,Ph.D.,2020,"Wagner, Tal","Wagner, Tal.",Efficient metric representations for big data,"Indyk, Piotr",https://hdl.handle.net/1721.1/129311,https://dspace.mit.edu/server/api/core/bitstreams/42dc04d3-8bd4-4112-b869-8f102d1bef08/content,public,"DSpace@MIT (Doctoral Theses collection, REST API)",2026-08-06,
MIT-2020-094,Massachusetts Institute of Technology,Electrical Engineering and Computer Science,Ph.D.,2020,"Wang, Xuntuo","Wang, Xuntuo(Nelson Xuntuo)",Smart energy solutions to smart grid challenges,"Kirtley, James L.",https://hdl.handle.net/1721.1/129312,https://dspace.mit.edu/server/api/core/bitstreams/4d5bf5c3-77fc-4208-b2e9-19265148b5a3/content,public,"DSpace@MIT (Doctoral Theses collection, REST API)",2026-08-06,
MIT-2020-095,Massachusetts Institute of Technology,Electrical Engineering and Computer Science,Ph.D.,2020,"Weng, Tsui-Wei","Weng, Tsui-Wei(Tsui-Wei Lily)",Evaluating robustness of neural networks,"Daniel, Luca",https://hdl.handle.net/1721.1/129313,https://dspace.mit.edu/server/api/core/bitstreams/bb656f49-7648-4088-abe1-a47e91df1af3/content,public,"DSpace@MIT (Doctoral Theses collection, REST API)",2026-08-06,
MIT-2020-096,Massachusetts Institute of Technology,Electrical Engineering and Computer Science,Ph.D.,2020,"Yang, Tien-Ju","Yang, Tien-Ju.",Hardware-aware efficient deep neural network design,"Sze, Vivienne",https://hdl.handle.net/1721.1/129314,,restricted,"DSpace@MIT (Doctoral Theses collection, REST API)",2026-08-06,No ORIGINAL bundle present via REST API (only THUMBNAIL/TEXT/COVERPAGE) -- full text not publicly attached; treat as restricted/embargoed pending manual confirmation.
MIT-2020-097,Massachusetts Institute of Technology,Electrical Engineering and Computer Science,Ph.D.,2020,"Yedidia, Adam","Yedidia, Adam(Adam B.)",Analysis and optimization of occluder-based imaging,"Wornell, Gregory W.",https://hdl.handle.net/1721.1/129315,https://dspace.mit.edu/server/api/core/bitstreams/9172ffb5-7d5d-45a2-a7a2-5b330ce4c4eb/content,public,"DSpace@MIT (Doctoral Theses collection, REST API)",2026-08-06,
MIT-2020-098,Massachusetts Institute of Technology,Electrical Engineering and Computer Science,Ph.D.,2020,"Zampetakis, Emmanouil","Zampetakis, Emmanouil.",Statistics in high dimensions without IID samples : truncated statistics and minimax optimization,"Daskalakis, Constantinos",https://hdl.handle.net/1721.1/129316,https://dspace.mit.edu/server/api/core/bitstreams/fba79b8f-1ae7-4a3c-8291-dc1ee942bd6b/content,public,"DSpace@MIT (Doctoral Theses collection, REST API)",2026-08-06,
MIT-2020-099,Massachusetts Institute of Technology,Electrical Engineering and Computer Science,Ph.D.,2020,"Zhang, Yunming","Zhang, Yunming,Ph. D.Massachusetts Institute of Technology.",GraphIt : optimizing the performance and improving the programmability of graph algorithms,"Amarasinghe, Saman",https://hdl.handle.net/1721.1/129317,https://dspace.mit.edu/server/api/core/bitstreams/a505e0c6-70cf-461f-a6c1-0bdfaa41a663/content,public,"DSpace@MIT (Doctoral Theses collection, REST API)",2026-08-06,
MIT-2020-100,Massachusetts Institute of Technology,Electrical Engineering and Computer Science,Ph.D.,2020,"Zhang, Yunming","Zhang, Yunming,Ph. D.Massachusetts Institute of Technology.",GraphIt : optimizing the performance and improving the programmability of graph algorithms,"Amarasinghe, Saman",https://hdl.handle.net/1721.1/129317,https://dspace.mit.edu/server/api/core/bitstreams/a505e0c6-70cf-461f-a6c1-0bdfaa41a663/content,public,"DSpace@MIT (Doctoral Theses collection, REST API)",2026-08-06,
MIT-2020-101,Massachusetts Institute of Technology,Electrical Engineering and Computer Science,Ph.D.,2020,"Hempel, Marek","Hempel, Marek,Ph. D.Massachusetts Institute of Technology.",Technology and applications of 2D materials in micro- and macroscale electronics,"Palacios, Tomás; Kong, Jing",https://hdl.handle.net/1721.1/130201,https://dspace.mit.edu/server/api/core/bitstreams/2226a375-79d4-4ecf-b823-d2a632efe3d3/content,public,"DSpace@MIT (Doctoral Theses collection, REST API)",2026-08-06,
MIT-2020-102,Massachusetts Institute of Technology,Electrical Engineering and Computer Science,Ph.D.,2020,"Peng, Cheng","Peng, Cheng,
            Ph. D.
            Massachusetts Institute of Technology.",Dynamically programmable surfaces for high-speed optical modulation and detection,"Englund, Dirk R.",https://hdl.handle.net/1721.1/132983,https://dspace.mit.edu/server/api/core/bitstreams/09966a38-94a9-4c23-869d-9e0fab5cd1c8/content,public,"DSpace@MIT (Doctoral Theses collection, REST API)",2026-08-06,
